Filename,site,Prefix,N_column,S_column,Start_year,End_year,N_years,Mean
ak029.rwl.csv,ak029,WS1,WS1N,WS1S,1901,1989,89,0.949913845
ak029.rwl.csv,ak029,WS5,WS5N,WS5S,1901,1989,89,1.288448498
ak048.rwl.csv,ak048,BRCL39,BRCL39N,BRCL39S,1901,2001,101,1.022663572
ak048.rwl.csv,ak048,BRCL19,BRCL19N,BRCL19S,1901,2001,101,1.043467811
ak048.rwl.csv,ak048,BRCL31,BRCL31N,BRCL31S,1901,2001,101,0.834724592
ak048.rwl.csv,ak048,BRCL65,BRCL65N,BRCL65S,1901,2001,101,1.025005806
ak048.rwl.csv,ak048,BRCL02,BRCL02N,BRCL02S,1901,2001,101,1.238663395
ak048.rwl.csv,ak048,BRCL66,BRCL66N,BRCL66S,1901,2001,101,1.673110065
ak048.rwl.csv,ak048,BRCL41,BRCL41N,BRCL41S,1901,2001,101,1.495434028
ak048.rwl.csv,ak048,BRCL78B,BRCL78BN,BRCL78BS,1901,2001,101,1.390722428
ak048.rwl.csv,ak048,BRCL27,BRCL27N,BRCL27S,1901,2001,101,1.316301942
ak048.rwl.csv,ak048,BRCL80,BRCL80N,BRCL80S,1901,2001,101,0.851912725
ak048.rwl.csv,ak048,BRCL76,BRCL76N,BRCL76S,1901,2001,101,1.107866905
ak048.rwl.csv,ak048,BRCL64,BRCL64N,BRCL64S,1901,2001,101,1.202037041
ak048.rwl.csv,ak048,BRCL44,BRCL44N,BRCL44S,1901,2001,101,1.08657401
ak049.rwl.csv,ak049,BRNF64,BRNF64N,BRNF64S,1901,2001,101,0.741860999
ak049.rwl.csv,ak049,BRNF51,BRNF51N,BRNF51S,1901,2001,101,1.046316518
ak049.rwl.csv,ak049,BRNF48,BRNF48N,BRNF48S,1901,2001,101,1.511087316
ak049.rwl.csv,ak049,BRNF12,BRNF12N,BRNF12S,1901,1994,94,0.896058165
ak049.rwl.csv,ak049,BRNF61,BRNF61N,BRNF61S,1901,2001,101,1.168279773
ak049.rwl.csv,ak049,BRNF53,BRNF53N,BRNF53S,1901,2001,101,1.703347406
ak049.rwl.csv,ak049,BRNF60,BRNF60N,BRNF60S,1909,2001,93,1.230129872
ak049.rwl.csv,ak049,BRNF49,BRNF49N,BRNF49S,1943,2001,59,1.870483527
ak049.rwl.csv,ak049,BRNF66,BRNF66N,BRNF66S,1926,2001,76,1.04729211
ak049.rwl.csv,ak049,BRNF31,BRNF31N,BRNF31S,1901,2001,101,1.072836304
ak049.rwl.csv,ak049,BRNF23,BRNF23N,BRNF23S,1919,2001,83,0.728357825
ak049.rwl.csv,ak049,BRNF35,BRNF35N,BRNF35S,1901,2001,101,0.850400707
ak049.rwl.csv,ak049,BRNF05,BRNF05N,BRNF05S,1901,2001,101,1.002848176
ak049.rwl.csv,ak049,BRNF07,BRNF07N,BRNF07S,1930,2001,72,1.417881381
ak049.rwl.csv,ak049,BRNF28,BRNF28N,BRNF28S,1914,2001,88,0.877011284
ak049.rwl.csv,ak049,BRNF59,BRNF59N,BRNF59S,1901,2001,101,1.38213321
ak049.rwl.csv,ak049,BRNF20,BRNF20N,BRNF20S,1919,2001,83,0.780545751
ak049.rwl.csv,ak049,BRNF67,BRNF67N,BRNF67S,1901,2001,101,1.220032404
ak049.rwl.csv,ak049,BRNF83,BRNF83N,BRNF83S,1917,2001,85,1.22749107
ak049.rwl.csv,ak049,BRNF36,BRNF36N,BRNF36S,1939,2001,63,0.837116144
ak049.rwl.csv,ak049,BRNF57,BRNF57N,BRNF57S,1901,2001,101,1.255802771
ak049.rwl.csv,ak049,BRNF30,BRNF30N,BRNF30S,1930,2001,72,1.12185833
ak049.rwl.csv,ak049,BRNF79,BRNF79N,BRNF79S,1901,2001,101,0.764791637
ak049.rwl.csv,ak049,BRNF24,BRNF24N,BRNF24S,1911,2001,91,1.211787247
ak049.rwl.csv,ak049,BRNF77,BRNF77N,BRNF77S,1901,2001,101,0.896388225
ak050.rwl.csv,ak050,BRNC65,BRNC65N,BRNC65S,1901,2000,100,1.557357332
ak050.rwl.csv,ak050,BRNC43B,BRNC43BN,BRNC43BS,1939,2000,62,0.802295183
ak050.rwl.csv,ak050,BRNC62,BRNC62N,BRNC62S,1901,1989,89,1.763303395
ak050.rwl.csv,ak050,BRNC16,BRNC16N,BRNC16S,1901,2000,100,0.707034312
ak050.rwl.csv,ak050,BRNC30,BRNC30N,BRNC30S,1904,1987,84,1.101110926
ak051.rwl.csv,ak051,NCFL10-,NCFL10-N,NCFL10-S,1901,2001,101,1.245998029
ak051.rwl.csv,ak051,NCFL04-,NCFL04-N,NCFL04-S,1901,2001,101,0.911811817
ak051.rwl.csv,ak051,NCFL01-,NCFL01-N,NCFL01-S,1901,2001,101,0.917253698
ak051.rwl.csv,ak051,NCFL09,NCFL09N,NCFL09S,1901,2001,101,1.171156134
ak054.rwl.csv,ak054,ARRC72,ARRC72N,ARRC72S,1944,2000,57,1.042595047
ak054.rwl.csv,ak054,ARRC85,ARRC85N,ARRC85S,1901,2000,100,2.08869636
ak054.rwl.csv,ak054,ARRC110,ARRC110N,ARRC110S,1901,2000,100,0.436702008
ak054.rwl.csv,ak054,ARRC76,ARRC76N,ARRC76S,1901,2000,100,1.094387972
ak054.rwl.csv,ak054,ARRC79,ARRC79N,ARRC79S,1901,1985,85,0.952943374
ak054.rwl.csv,ak054,ARRC107,ARRC107N,ARRC107S,1901,2000,100,0.560739272
ak054.rwl.csv,ak054,ARRC74,ARRC74N,ARRC74S,1901,2000,100,0.927599163
ak054.rwl.csv,ak054,ARRC99A,ARRC99AN,ARRC99AS,1901,1968,68,0.833605489
ak054.rwl.csv,ak054,ARRC88,ARRC88N,ARRC88S,1901,1981,81,0.843717748
ak054.rwl.csv,ak054,ARRC113,ARRC113N,ARRC113S,1901,2000,100,1.01205459
ak054.rwl.csv,ak054,ARRC80,ARRC80N,ARRC80S,1936,2000,65,1.23359767
ak054.rwl.csv,ak054,ARRC81,ARRC81N,ARRC81S,1901,2000,100,1.018602755
ak056.rwl.csv,ak056,ARRC72,ARRC72N,ARRC72S,1944,2000,57,1.042595047
ak056.rwl.csv,ak056,ARRC85,ARRC85N,ARRC85S,1901,2000,100,2.08869636
ak056.rwl.csv,ak056,ARRC110,ARRC110N,ARRC110S,1901,2000,100,0.436702008
ak056.rwl.csv,ak056,ARRC76,ARRC76N,ARRC76S,1901,2000,100,1.094387972
ak056.rwl.csv,ak056,ARRC79,ARRC79N,ARRC79S,1901,1985,85,0.952943374
ak056.rwl.csv,ak056,ARRC107,ARRC107N,ARRC107S,1901,2000,100,0.560739272
ak056.rwl.csv,ak056,ARRC74,ARRC74N,ARRC74S,1901,2000,100,0.927599163
ak056.rwl.csv,ak056,ARRC99A,ARRC99AN,ARRC99AS,1901,1968,68,0.833605489
ak056.rwl.csv,ak056,ARRC88,ARRC88N,ARRC88S,1901,1981,81,0.843717748
ak056.rwl.csv,ak056,ARRC113,ARRC113N,ARRC113S,1901,2000,100,1.01205459
ak056.rwl.csv,ak056,ARRC80,ARRC80N,ARRC80S,1936,2000,65,1.23359767
ak056.rwl.csv,ak056,ARRC81,ARRC81N,ARRC81S,1901,2000,100,1.018602755
ak092.rwl.csv,ak092,BC63,BC63N,BC63S,1901,1993,93,1.086445161
ak096.rwl.csv,ak096,WS1,WS1N,WS1S,1901,1989,89,0.949913845
ak096.rwl.csv,ak096,WS5,WS5N,WS5S,1901,1989,89,1.288448498
ak097.rwl.csv,ak097,WR35,WR35N,WR35S,1901,1940,40,0.534787733
ak100.rwl.csv,ak100,BB37,BB37N,BB37S,1901,1991,91,1.425284123
ak100.rwl.csv,ak100,BB40,BB40N,BB40S,1901,1999,99,0.796732051
ak104.rwl.csv,ak104,DA02,DA02N,DA02S,1901,1980,80,1.143643098
ak104.rwl.csv,ak104,DA28,DA28N,DA28S,1901,1949,49,0.85949128
ak104.rwl.csv,ak104,DA38,DA38N,DA38S,1901,2000,100,1.366569487
ak104.rwl.csv,ak104,DA62,DA62N,DA62S,1901,2000,100,0.945011993
ak107.rwl.csv,ak107,GN10,GN10N,GN10S,1901,2000,100,1.154763534
ak112.rwl.csv,ak112,WS1,WS1N,WS1S,1901,1989,89,0.949913845
ak112.rwl.csv,ak112,WS5,WS5N,WS5S,1901,1989,89,1.288448498
ak113.rwl.csv,ak113,DA38,DA38N,DA38S,1901,2000,100,1.366569487
ak113.rwl.csv,ak113,DA62,DA62N,DA62S,1901,2000,100,0.945011993
ak113.rwl.csv,ak113,DA02,DA02N,DA02S,1901,1980,80,1.143643098
ak113.rwl.csv,ak113,DA28,DA28N,DA28S,1901,1949,49,0.85949128
ak114.rwl.csv,ak114,WP32,WP32N,WP32S,1901,1956,56,2.337409409
ak114.rwl.csv,ak114,BB37,BB37N,BB37S,1901,1991,91,1.425284123
ak114.rwl.csv,ak114,BB40,BB40N,BB40S,1901,1999,99,0.796732051
ak130.rwl.csv,ak130,JM02,JM02N,JM02S,1901,1991,91,1.110841942
ak130.rwl.csv,ak130,JM03,JM03N,JM03S,1901,1997,97,1.266841703
ak130.rwl.csv,ak130,JM06,JM06N,JM06S,1901,1949,49,1.171524137
ak131.rwl.csv,ak131,LC11,LC11N,LC11S,1901,2009,109,0.977837316
ak131.rwl.csv,ak131,SL13,SL13N,SL13S,1901,1998,98,0.460152557
ak131.rwl.csv,ak131,SL15,SL15N,SL15S,1901,2009,109,1.420745933
ak150.rwl.csv,ak150,WM39,WM39N,WM39S,1901,2009,109,1.05987617
ak192.rwl.csv,ak192,BC07,BC07N,BC07S,1901,2015,115,0.94359485
ak192.rwl.csv,ak192,BC20,BC20N,BC20S,1901,2015,115,0.871212715
ak192.rwl.csv,ak192,BC31,BC31N,BC31S,1901,2006,106,1.774509065
ak192.rwl.csv,ak192,BC37,BC37N,BC37S,1901,2012,112,2.032241262
ak192.rwl.csv,ak192,BC45,BC45N,BC45S,1901,1993,93,1.087499226
ak195.rwl.csv,ak195,EG39,EG39N,EG39S,1901,2015,115,0.62993423
ak195.rwl.csv,ak195,EG64,EG64N,EG64S,1901,1977,77,0.996289589
ak199.rwl.csv,ak199,BB37,BB37N,BB37S,1901,1991,91,1.425284123
ak199.rwl.csv,ak199,BB40,BB40N,BB40S,1901,1999,99,0.796732051
ak200.rwl.csv,ak200,CM25,CM25N,CM25S,1901,2006,106,1.118841638
ak200.rwl.csv,ak200,CM41,CM41N,CM41S,1901,1974,74,0.812728525
ak200.rwl.csv,ak200,CM82,CM82N,CM82S,1901,1966,66,1.28742572
ak200.rwl.csv,ak200,CM86,CM86N,CM86S,1901,2006,106,1.922711132
arge038.rwl.csv,arge038,GA 07,GA 07N,GA 07S,1901,1924,24,0.767820987
arge038.rwl.csv,arge038,GA 09,GA 09N,GA 09S,1901,1985,85,1.074636387
arge038.rwl.csv,arge038,GA 11,GA 11N,GA 11S,1901,1985,85,1.028440469
arge038.rwl.csv,arge038,GA 14,GA 14N,GA 14S,1901,1985,85,1.583312202
ausl025.rwl.csv,ausl025,FT7.5,FT7.5N,FT7.5S,1901,2007,107,0.321848582
ausl025.rwl.csv,ausl025,FT7.10,FT7.10N,FT7.10S,1901,2007,107,1.289059963
ausl038c.rwl.csv,ausl038c,MCK24,MCK24N,MCK24S,1901,2008,108,1.213082359
ausl038d.rwl.csv,ausl038d,MCK24,MCK24N,MCK24S,1901,2008,108,1.191970591
ausl039.rwl.csv,ausl039,FBC17,FBC17N,FBC17S,1901,1956,56,1.058710946
ausl039.rwl.csv,ausl039,FBC9,FBC9N,FBC9S,1902,2011,110,1.103786993
ausl039.rwl.csv,ausl039,FBC3,FBC3N,FBC3S,1901,2011,111,1.367577077
ausl041.rwl.csv,ausl041,WALD35,WALD35N,WALD35S,1901,2006,106,1.135637201
ausl042.rwl.csv,ausl042,932,932N,932S,1901,2008,108,0.950879141
ausl042.rwl.csv,ausl042,914,914N,914S,1901,2008,108,0.747478205
ausl043.rwl.csv,ausl043,LCR23,LCR23N,LCR23S,1901,2012,112,0.154923623
ausl043.rwl.csv,ausl043,RRD6,RRD6N,RRD6S,1901,2011,111,1.268699449
ausl043.rwl.csv,ausl043,RRD10,RRD10N,RRD10S,1901,2011,111,1.333703595
ausl047.rwl.csv,ausl047,MESA3,MESA3N,MESA3S,1901,2011,111,1.149065545
ausl047.rwl.csv,ausl047,MESA7,MESA7N,MESA7S,1901,2011,111,1.074084625
ausl050.rwl.csv,ausl050,WLD35,WLD35N,WLD35S,1901,2006,106,1.135637201
ausl058.rwl.csv,ausl058,FF4,FF4N,FF4S,1943,2004,62,1.39353261
ausl058.rwl.csv,ausl058,FF3,FF3N,FF3S,1953,2004,52,0.971368613
ausl058.rwl.csv,ausl058,SC6,SC6N,SC6S,1923,2007,85,0.919048576
ausl058.rwl.csv,ausl058,SC11,SC11N,SC11S,1915,1995,81,1.308085364
ausl059.rwl.csv,ausl059,MAN1.1,MAN1.1N,MAN1.1S,1923,2003,81,1.029304189
ausl059.rwl.csv,ausl059,MAN1.3,MAN1.3N,MAN1.3S,1901,2007,107,1.462777161
ausl059.rwl.csv,ausl059,MAN1.10,MAN1.10N,MAN1.10S,1937,2000,64,0.901605946
ausl059.rwl.csv,ausl059,MAN1.12,MAN1.12N,MAN1.12S,1926,2007,82,1.010798169
ausl059.rwl.csv,ausl059,MAN2.8,MAN2.8N,MAN2.8S,1912,2003,92,0.833013165
ausl060.rwl.csv,ausl060,TIWI5,TIWI5N,TIWI5S,1933,1985,53,0.97003417
ausl060.rwl.csv,ausl060,TIWI9,TIWI9N,TIWI9S,1936,1992,57,1.255417522
az566.rwl.csv,az566,SCL-14,SCL-14N,SCL-14S,1901,1965,65,1.070779123
az566.rwl.csv,az566,SCL-15,SCL-15N,SCL-15S,1901,1965,65,0.656968646
az566.rwl.csv,az566,SCL-16,SCL-16N,SCL-16S,1901,1957,57,0.980749394
az566.rwl.csv,az566,SCL-9,SCL-9N,SCL-9S,1901,1965,65,1.049476613
brit7.rwl.csv,brit7,Q2533,Q2533N,Q2533S,1901,1975,75,0.762438853
brit7.rwl.csv,brit7,Q2535,Q2535N,Q2535S,1901,1975,75,0.633485711
brit7.rwl.csv,brit7,Q2537,Q2537N,Q2537S,1901,1975,75,2.305535155
brit7.rwl.csv,brit7,Q2538,Q2538N,Q2538S,1901,1975,75,1.355819789
brit7.rwl.csv,brit7,Q2540,Q2540N,Q2540S,1901,1975,75,2.034733999
brit7.rwl.csv,brit7,Q2541,Q2541N,Q2541S,1901,1975,75,1.249468192
can677.rwl.csv,can677,R9801,R9801N,R9801S,1901,1997,97,0.89865364
can677.rwl.csv,can677,R9815,R9815N,R9815S,1901,1997,97,0.99785393
can677.rwl.csv,can677,R9817,R9817N,R9817S,1901,1939,39,2.105710163
can677.rwl.csv,can677,R9851,R9851N,R9851S,1901,1997,97,1.019087465
cana223.rwl.csv,cana223,A9803,A9803N,A9803S,1965,1997,33,0.967181842
cana223.rwl.csv,cana223,A9804,A9804N,A9804S,1933,1997,65,1.38719745
cana223.rwl.csv,cana223,A9806,A9806N,A9806S,1901,1997,97,1.349950294
cana223.rwl.csv,cana223,A9808,A9808N,A9808S,1901,1996,96,1.015776632
cana223.rwl.csv,cana223,A9809,A9809N,A9809S,1922,1997,76,2.709323199
cana223.rwl.csv,cana223,A9812,A9812N,A9812S,1901,1997,97,1.388421544
cana223.rwl.csv,cana223,A9814,A9814N,A9814S,1927,1997,71,2.017574429
cana224.rwl.csv,cana224,R9801,R9801N,R9801S,1901,1997,97,0.89865364
cana224.rwl.csv,cana224,R9815,R9815N,R9815S,1901,1997,97,0.99785393
cana224.rwl.csv,cana224,R9817,R9817N,R9817S,1901,1939,39,2.105710163
cana224.rwl.csv,cana224,R9851,R9851N,R9851S,1901,1997,97,1.019087465
cana225.rwl.csv,cana225,M9805,M9805N,M9805S,1901,1997,97,1.429151557
cana225.rwl.csv,cana225,M9811,M9811N,M9811S,1901,1997,97,0.64005672
cana225b.rwl.csv,cana225b,MB9811,MB9811N,MB9811S,1901,1996,96,0.997355913
cana225e.rwl.csv,cana225e,M9811,M9811N,M9811S,1901,1997,97,0.611983854
cana225l.rwl.csv,cana225l,M9811,M9811N,M9811S,1901,1997,97,0.893888365
cana226.rwl.csv,cana226,E9813,E9813N,E9813S,1901,1997,97,1.551229065
cana226.rwl.csv,cana226,E9815,E9815N,E9815S,1901,1997,97,1.025236699
cana226e.rwl.csv,cana226e,E9813,E9813N,E9813S,1901,1997,97,1.511469652
cana226l.rwl.csv,cana226l,E9813,E9813N,E9813S,1901,1997,97,1.787248127
cana228.rwl.csv,cana228,Y9816,Y9816N,Y9816S,1901,1997,97,0.918527667
cana229.rwl.csv,cana229,O9806,O9806N,O9806S,1901,1997,97,1.082466143
cana229.rwl.csv,cana229,O9809,O9809N,O9809S,1901,1997,97,1.038004147
cana229.rwl.csv,cana229,O9812,O9812N,O9812S,1901,1997,97,0.93442441
cana229.rwl.csv,cana229,O9815,O9815N,O9815S,1901,1997,97,0.879483921
cana230.rwl.csv,cana230,K9801,K9801N,K9801S,1901,1996,96,1.011665164
cana230.rwl.csv,cana230,K9805,K9805N,K9805S,1901,1997,97,1.177817727
cana230b.rwl.csv,cana230b,KB9801,KB9801N,KB9801S,1901,1996,96,1.018120976
cana230b.rwl.csv,cana230b,KB9805,KB9805N,KB9805S,1901,1996,96,1.003018654
cana230b.rwl.csv,cana230b,KB9807,KB9807N,KB9807S,1901,1996,96,1.110138677
cana230e.rwl.csv,cana230e,K9805,K9805N,K9805S,1901,1997,97,1.228355856
cana231.rwl.csv,cana231,P9805,P9805N,P9805S,1901,1997,97,0.43093963
cana232.rwl.csv,cana232,Q9803,Q9803N,Q9803S,1901,1997,97,1.032324809
cana232.rwl.csv,cana232,Q9818,Q9818N,Q9818S,1901,1997,97,1.133078273
cana234.rwl.csv,cana234,B9811,B9811N,B9811S,1901,1948,48,0.970832063
cana234e.rwl.csv,cana234e,B9811,B9811N,B9811S,1901,1948,48,0.930955358
cana235.rwl.csv,cana235,D9816,D9816N,D9816S,1901,1997,97,1.069802783
cana235.rwl.csv,cana235,D9820,D9820N,D9820S,1901,1990,90,1.022471007
cana236.rwl.csv,cana236,G9801,G9801N,G9801S,1901,1997,97,0.791992226
cana237.rwl.csv,cana237,V9808,V9808N,V9808S,1901,1997,97,1.130517733
cana237.rwl.csv,cana237,V9822,V9822N,V9822S,1901,1947,47,1.126073947
cana237e.rwl.csv,cana237e,V9822,V9822N,V9822S,1901,1947,47,1.101256164
cana237l.rwl.csv,cana237l,V9822,V9822N,V9822S,1901,1947,47,1.233960107
cana238.rwl.csv,cana238,C9825,C9825N,C9825S,1901,1997,97,1.550906239
cana238e.rwl.csv,cana238e,C9825,C9825N,C9825S,1901,1997,97,1.510481529
cana239.rwl.csv,cana239,H9801,H9801N,H9801S,1901,1997,97,1.110871676
cana239.rwl.csv,cana239,H9808,H9808N,H9808S,1901,1997,97,0.796875678
cana239.rwl.csv,cana239,H9814,H9814N,H9814S,1901,1997,97,0.821395257
cana239.rwl.csv,cana239,H9816,H9816N,H9816S,1901,1997,97,0.967836029
cana239.rwl.csv,cana239,H9817,H9817N,H9817S,1901,1997,97,0.618556712
cana240.rwl.csv,cana240,T9807,T9807N,T9807S,1901,1997,97,0.998175711
cana240.rwl.csv,cana240,T9812,T9812N,T9812S,1911,1997,87,1.104076959
cana241.rwl.csv,cana241,Z9806,Z9806N,Z9806S,1901,1997,97,1.586536774
cana241.rwl.csv,cana241,Z9811,Z9811N,Z9811S,1919,1997,79,0.374822773
cana242.rwl.csv,cana242,L9825,L9825N,L9825S,1901,1997,97,1.147367632
cana308.rwl.csv,cana308,GP402,GP402N,GP402S,1901,1993,93,1.42612408
cana317.rwl.csv,cana317,LC7,LC7N,LC7S,1901,1991,91,1.021889985
cana319.rwl.csv,cana319,EF31,EF31N,EF31S,1901,1993,93,1.326723255
cana319.rwl.csv,cana319,EF49,EF49N,EF49S,1901,1993,93,1.007696083
cana320.rwl.csv,cana320,61,61N,61S,1901,1994,94,0.852531304
cana320.rwl.csv,cana320,64,64N,64S,1901,1989,89,1.297079124
cana320.rwl.csv,cana320,PT8,PT8N,PT8S,1901,1955,55,0.944589757
cana323.rwl.csv,cana323,AP19,AP19N,AP19S,1901,1986,86,1.38144536
cana323.rwl.csv,cana323,AP22,AP22N,AP22S,1901,1986,86,1.480828125
cana323.rwl.csv,cana323,AP25,AP25N,AP25S,1901,1986,86,0.398663871
cana323.rwl.csv,cana323,NB12,NB12N,NB12S,1901,1986,86,1.297350688
cana323.rwl.csv,cana323,NB13,NB13N,NB13S,1901,1986,86,1.077096092
cana351.rwl.csv,cana351,B8225,B8225N,B8225S,1901,1981,81,1.531920809
cana351.rwl.csv,cana351,B8648,B8648N,B8648S,1901,1985,85,0.623305654
cana351.rwl.csv,cana351,B9717,B9717N,B9717S,1901,1995,95,0.730146475
cana351.rwl.csv,cana351,B9722,B9722N,B9722S,1901,1996,96,1.07392081
cana352.rwl.csv,cana352,FG415,FG415N,FG415S,1901,1993,93,0.347970357
cana353.rwl.csv,cana353,Y0024,Y0024N,Y0024S,1901,1999,99,0.968820107
cana353.rwl.csv,cana353,Y0037,Y0037N,Y0037S,1901,1998,98,1.208855946
cana354.rwl.csv,cana354,L0003,L0003N,L0003S,1901,1999,99,0.596167805
cana354.rwl.csv,cana354,L0006,L0006N,L0006S,1901,1991,91,1.791841047
cana354.rwl.csv,cana354,L0008,L0008N,L0008S,1901,1999,99,1.292837773
cana354.rwl.csv,cana354,L9934,L9934N,L9934S,1901,1998,98,1.626571525
cana354.rwl.csv,cana354,L9939,L9939N,L9939S,1901,1996,96,1.624103813
cana354.rwl.csv,cana354,L9947,L9947N,L9947S,1901,1998,98,1.183489099
cana354.rwl.csv,cana354,L9948,L9948N,L9948S,1901,1949,49,1.434654288
cana354.rwl.csv,cana354,YLL11,YLL11N,YLL11S,1901,2001,101,1.295797569
cana354.rwl.csv,cana354,YLL13,YLL13N,YLL13S,1901,1933,33,0.995851197
cana354.rwl.csv,cana354,YLL14,YLL14N,YLL14S,1901,1997,97,1.284293678
cana354.rwl.csv,cana354,YLL20,YLL20N,YLL20S,1901,2001,101,1.58066942
cana354.rwl.csv,cana354,YLL22,YLL22N,YLL22S,1901,2001,101,1.640685457
cana354.rwl.csv,cana354,YLL23,YLL23N,YLL23S,1901,2001,101,0.962648011
cana356.rwl.csv,cana356,N9315,N9315N,N9315S,1901,1992,92,1.181374977
cana356.rwl.csv,cana356,N0004,N0004N,N0004S,1901,1936,36,2.070280296
cana356.rwl.csv,cana356,N0009,N0009N,N0009S,1901,1999,99,1.140383524
cana356.rwl.csv,cana356,N0018,N0018N,N0018S,1901,1971,71,1.368020032
cana356.rwl.csv,cana356,N0019,N0019N,N0019S,1901,1972,72,2.159451823
cana357.rwl.csv,cana357,S9876,S9876N,S9876S,1901,1942,42,0.868130888
cana357.rwl.csv,cana357,S9881,S9881N,S9881S,1901,1997,97,0.757094684
cana360.rwl.csv,cana360,Y4Q22,Y4Q22N,Y4Q22S,1901,2001,101,0.960062553
cana360.rwl.csv,cana360,Y4Q30,Y4Q30N,Y4Q30S,1901,1936,36,0.972866609
cana363.rwl.csv,cana363,Y4U01,Y4U01N,Y4U01S,1901,2003,103,1.797727785
cana363.rwl.csv,cana363,Y4U20,Y4U20N,Y4U20S,1901,2003,103,1.187132159
cana363.rwl.csv,cana363,Y4U22,Y4U22N,Y4U22S,1901,1981,81,1.105352067
cana364.rwl.csv,cana364,YY301,YY301N,YY301S,1901,1990,90,1.625686841
cana364.rwl.csv,cana364,YY307,YY307N,YY307S,1901,1917,17,0.899197603
cana364.rwl.csv,cana364,YY313,YY313N,YY313S,1901,2002,102,1.078670552
cana364.rwl.csv,cana364,YY328,YY328N,YY328S,1901,1972,72,1.411612999
cana364.rwl.csv,cana364,YY332,YY332N,YY332S,1901,2002,102,1.176389505
cana364.rwl.csv,cana364,YY333,YY333N,YY333S,1901,2002,102,0.457416876
cana365.rwl.csv,cana365,D0000,D0000N,D0000S,1901,1963,63,1.139547194
cana365.rwl.csv,cana365,D0002,D0002N,D0002S,1901,1999,99,0.955011494
cana365.rwl.csv,cana365,D0009,D0009N,D0009S,1901,1999,99,0.735625553
cana365.rwl.csv,cana365,D0013,D0013N,D0013S,1901,1999,99,0.485285141
cana365.rwl.csv,cana365,D0015,D0015N,D0015S,1901,1999,99,1.456191121
cana365.rwl.csv,cana365,D0020,D0020N,D0020S,1901,1999,99,1.015021241
cana365.rwl.csv,cana365,D0022,D0022N,D0022S,1901,1999,99,1.300640329
cana366.rwl.csv,cana366,YG425,YG425N,YG425S,1910,2003,94,0.937754708
cana366.rwl.csv,cana366,YG423,YG423N,YG423S,1901,2003,103,1.109378794
cana366.rwl.csv,cana366,YG414,YG414N,YG414S,1901,2002,102,0.986434078
cana366.rwl.csv,cana366,YG444,YG444N,YG444S,1901,2003,103,1.217509228
cana366.rwl.csv,cana366,YG443,YG443N,YG443S,1930,2003,74,1.084778063
cana367.rwl.csv,cana367,YO303,YO303N,YO303S,1931,2002,72,1.084322694
cana367.rwl.csv,cana367,YO311,YO311N,YO311S,1905,2002,98,0.997819447
cana367.rwl.csv,cana367,YO313,YO313N,YO313S,1946,2002,57,0.918031986
cana367.rwl.csv,cana367,YO322,YO322N,YO322S,1945,2002,58,1.070012876
cana367.rwl.csv,cana367,YO330,YO330N,YO330S,1901,2002,102,0.723412725
cana367.rwl.csv,cana367,YO333,YO333N,YO333S,1926,2002,77,0.723890303
cana367.rwl.csv,cana367,YO350,YO350N,YO350S,1901,2002,102,1.420800176
cana367.rwl.csv,cana367,YO351,YO351N,YO351S,1901,1997,97,1.259544591
cana367.rwl.csv,cana367,YO363,YO363N,YO363S,1909,2002,94,1.008041383
cana367.rwl.csv,cana367,YO383,YO383N,YO383S,1901,2002,102,1.313959703
cana367.rwl.csv,cana367,YO391,YO391N,YO391S,1901,2002,102,0.852303649
cana367.rwl.csv,cana367,YO392,YO392N,YO392S,1901,2002,102,1.511957934
cana367.rwl.csv,cana367,YO395,YO395N,YO395S,1901,1939,39,0.377553273
cana368.rwl.csv,cana368,YI342,YI342N,YI342S,1901,2002,102,1.221848019
cana368.rwl.csv,cana368,YI346,YI346N,YI346S,1901,2002,102,1.411091357
cana369.rwl.csv,cana369,YW323,YW323N,YW323S,1901,1970,70,2.070817337
cana369.rwl.csv,cana369,YW324,YW324N,YW324S,1901,2000,100,1.065849713
cana369.rwl.csv,cana369,YW334,YW334N,YW334S,1901,2002,102,1.461058647
cana372.rwl.csv,cana372,YJ305,YJ305N,YJ305S,1901,1926,26,0.675505971
cana372.rwl.csv,cana372,YJ308,YJ308N,YJ308S,1901,2002,102,0.941183825
cana372.rwl.csv,cana372,YJ312,YJ312N,YJ312S,1901,2002,102,1.798649159
cana372.rwl.csv,cana372,YJ315,YJ315N,YJ315S,1901,2002,102,0.715828256
cana372.rwl.csv,cana372,YJ316,YJ316N,YJ316S,1901,2002,102,1.060471149
cana372.rwl.csv,cana372,YJ317,YJ317N,YJ317S,1901,2002,102,0.346526929
cana372.rwl.csv,cana372,YJ322,YJ322N,YJ322S,1901,2002,102,0.790259339
cana372.rwl.csv,cana372,YJ323,YJ323N,YJ323S,1901,2002,102,1.11230235
cana372.rwl.csv,cana372,YJ324,YJ324N,YJ324S,1901,1964,64,0.822948062
cana372.rwl.csv,cana372,YJ325,YJ325N,YJ325S,1901,2000,100,1.006788682
cana372.rwl.csv,cana372,YJ332,YJ332N,YJ332S,1901,2002,102,1.527021383
cana372.rwl.csv,cana372,YJ333,YJ333N,YJ333S,1901,2002,102,2.422075828
cana372.rwl.csv,cana372,YJ338,YJ338N,YJ338S,1901,2002,102,1.235239579
cana372.rwl.csv,cana372,YJ361,YJ361N,YJ361S,1901,2002,102,0.510800526
cana372.rwl.csv,cana372,YJ362,YJ362N,YJ362S,1901,2002,102,1.148185324
cana373.rwl.csv,cana373,LF755,LF755N,LF755S,1901,1986,86,1.212724477
cana373.rwl.csv,cana373,LF757,LF757N,LF757S,1901,1986,86,0.964573026
cana373.rwl.csv,cana373,LF759,LF759N,LF759S,1901,1986,86,0.90977142
cana374.rwl.csv,cana374,YF313,YF313N,YF313S,1907,2002,96,2.380882306
cana374.rwl.csv,cana374,YF321,YF321N,YF321S,1921,2002,82,1.299698791
cana374.rwl.csv,cana374,YF334,YF334N,YF334S,1922,2002,81,1.031344261
cana374.rwl.csv,cana374,YF335,YF335N,YF335S,1901,2002,102,1.050967796
cana374.rwl.csv,cana374,YF343,YF343N,YF343S,1901,2002,102,0.914570127
cana375.rwl.csv,cana375,YU302,YU302N,YU302S,1901,2002,102,0.743306143
cana375.rwl.csv,cana375,YU303,YU303N,YU303S,1901,2002,102,0.944141053
cana375.rwl.csv,cana375,YU304,YU304N,YU304S,1901,2002,102,1.669104829
cana375.rwl.csv,cana375,YU306,YU306N,YU306S,1901,2001,101,2.321260161
cana375.rwl.csv,cana375,YU324,YU324N,YU324S,1901,2002,102,0.98178597
cana375.rwl.csv,cana375,YU330,YU330N,YU330S,1901,2002,102,1.265274526
cana375.rwl.csv,cana375,YU331,YU331N,YU331S,1901,2002,102,1.083525113
cana375.rwl.csv,cana375,YU338,YU338N,YU338S,1901,2002,102,1.431374076
cana375.rwl.csv,cana375,YU342,YU342N,YU342S,1905,2001,97,0.882392521
cana376.rwl.csv,cana376,YR301,YR301N,YR301S,1901,2002,102,1.09047443
cana376.rwl.csv,cana376,YR314,YR314N,YR314S,1901,2002,102,0.81135907
cana376.rwl.csv,cana376,YR322,YR322N,YR322S,1901,2002,102,1.089263908
cana376.rwl.csv,cana376,YR334,YR334N,YR334S,1901,2000,100,1.001327875
cana376.rwl.csv,cana376,YR339,YR339N,YR339S,1901,2002,102,1.178124348
cana377.rwl.csv,cana377,V0000,V0000N,V0000S,1901,1999,99,0.877544401
cana377.rwl.csv,cana377,V0005,V0005N,V0005S,1901,1999,99,0.98260216
cana377.rwl.csv,cana377,V0056,V0056N,V0056S,1901,1999,99,0.984159855
cana377.rwl.csv,cana377,V0059,V0059N,V0059S,1901,1999,99,1.104331993
cana377.rwl.csv,cana377,V0062,V0062N,V0062S,1901,1994,94,1.246605215
cana377.rwl.csv,cana377,V0065,V0065N,V0065S,1901,1999,99,0.988294789
cana377.rwl.csv,cana377,V0066,V0066N,V0066S,1901,1999,99,1.041562322
cana378.rwl.csv,cana378,YV304,YV304N,YV304S,1901,1992,92,1.264347528
cana378.rwl.csv,cana378,YV315,YV315N,YV315S,1901,1956,56,1.787684302
cana378.rwl.csv,cana378,YV323,YV323N,YV323S,1901,2002,102,0.987637025
cana378.rwl.csv,cana378,YV332,YV332N,YV332S,1901,2002,102,1.297783571
cana378.rwl.csv,cana378,YV335,YV335N,YV335S,1901,2002,102,1.305320442
cana379.rwl.csv,cana379,R0002,R0002N,R0002S,1901,1999,99,1.225835452
cana379.rwl.csv,cana379,R0003,R0003N,R0003S,1901,1999,99,1.000467146
cana379.rwl.csv,cana379,R0009,R0009N,R0009S,1901,1999,99,1.948565249
cana379.rwl.csv,cana379,R0013,R0013N,R0013S,1901,1999,99,0.927827342
cana379.rwl.csv,cana379,R0018,R0018N,R0018S,1901,1999,99,0.565456542
cana379.rwl.csv,cana379,R0021,R0021N,R0021S,1901,1999,99,0.814490067
cana379.rwl.csv,cana379,R0026,R0026N,R0026S,1901,1999,99,0.814008684
cana382.rwl.csv,cana382,S0000,S0000N,S0000S,1901,1999,99,1.082156995
cana382.rwl.csv,cana382,S0001,S0001N,S0001S,1901,1999,99,1.136363932
cana382.rwl.csv,cana382,S0007,S0007N,S0007S,1901,1999,99,1.904333285
cana382.rwl.csv,cana382,S0014,S0014N,S0014S,1901,1999,99,1.087423957
cana382.rwl.csv,cana382,S0015,S0015N,S0015S,1901,1994,94,1.019399594
cana382.rwl.csv,cana382,S0021,S0021N,S0021S,1901,1999,99,1.310736124
cana382.rwl.csv,cana382,S0022,S0022N,S0022S,1901,1999,99,0.697595683
cana382.rwl.csv,cana382,S0025,S0025N,S0025S,1901,1999,99,1.541206709
cana383.rwl.csv,cana383,YS211,YS211N,YS211S,1901,2001,101,0.757838567
cana383.rwl.csv,cana383,YS212,YS212N,YS212S,1901,1959,59,0.968182146
cana383.rwl.csv,cana383,YS213,YS213N,YS213S,1901,2001,101,1.515506935
cana383.rwl.csv,cana383,YS214,YS214N,YS214S,1901,2001,101,1.365547521
cana383.rwl.csv,cana383,YS215,YS215N,YS215S,1910,2001,92,1.205234239
cana383.rwl.csv,cana383,YS217,YS217N,YS217S,1901,2001,101,1.002550594
cana383.rwl.csv,cana383,YS223,YS223N,YS223S,1901,2001,101,1.603733736
cana383.rwl.csv,cana383,YS225,YS225N,YS225S,1901,2001,101,1.161019052
cana383.rwl.csv,cana383,YS230,YS230N,YS230S,1901,2001,101,1.032007607
cana384.rwl.csv,cana384,M0005,M0005N,M0005S,1901,1999,99,0.991257025
cana384.rwl.csv,cana384,M0011,M0011N,M0011S,1901,1999,99,1.164213425
cana384.rwl.csv,cana384,M0013,M0013N,M0013S,1901,1999,99,1.353368489
cana384.rwl.csv,cana384,M0018,M0018N,M0018S,1901,1999,99,0.609483084
cana384.rwl.csv,cana384,M0020,M0020N,M0020S,1901,1999,99,1.015058293
cana384.rwl.csv,cana384,M0023,M0023N,M0023S,1901,1999,99,0.903763256
cana384.rwl.csv,cana384,M0025,M0025N,M0025S,1901,1999,99,0.412555828
cana384.rwl.csv,cana384,YS421,YS421N,YS421S,1901,2003,103,0.931441636
cana384.rwl.csv,cana384,YS408,YS408N,YS408S,1901,2003,103,0.674506889
cana384.rwl.csv,cana384,YS416,YS416N,YS416S,1901,2003,103,0.558205255
cana384.rwl.csv,cana384,YS432,YS432N,YS432S,1901,1948,48,0.867347113
cana384.rwl.csv,cana384,YS422,YS422N,YS422S,1901,1994,94,1.056623374
cana384.rwl.csv,cana384,YS405,YS405N,YS405S,1901,2003,103,0.649038234
cana384.rwl.csv,cana384,YS412,YS412N,YS412S,1901,2003,103,0.991364508
cana384.rwl.csv,cana384,YS410,YS410N,YS410S,1901,2003,103,1.222209689
cana384.rwl.csv,cana384,YS406,YS406N,YS406S,1901,2003,103,1.087197767
cana384.rwl.csv,cana384,YS433,YS433N,YS433S,1901,1987,87,0.981599583
cana384.rwl.csv,cana384,YS440,YS440N,YS440S,1901,2003,103,1.039066553
cana386.rwl.csv,cana386,B3H16,B3H16N,B3H16S,1901,2002,102,1.092084376
cana386.rwl.csv,cana386,B3H20,B3H20N,B3H20S,1901,1943,43,0.74139543
cana387.rwl.csv,cana387,YW450,YW450N,YW450S,1901,2003,103,1.264352277
cana387.rwl.csv,cana387,YW453,YW453N,YW453S,1901,2003,103,0.935888503
cana387.rwl.csv,cana387,YW461,YW461N,YW461S,1909,2003,95,0.848910039
cana387.rwl.csv,cana387,YW462,YW462N,YW462S,1901,2003,103,0.871414162
cana387.rwl.csv,cana387,YW463,YW463N,YW463S,1901,2003,103,1.002905557
cana387.rwl.csv,cana387,YW490,YW490N,YW490S,1901,2003,103,1.013868349
cana387.rwl.csv,cana387,YW491,YW491N,YW491S,1901,2003,103,0.941992136
cana389.rwl.csv,cana389,J0017,J0017N,J0017S,1901,1982,82,0.888848333
cana389.rwl.csv,cana389,J0019,J0019N,J0019S,1901,1998,98,0.758353945
cana389.rwl.csv,cana389,J0023,J0023N,J0023S,1901,1976,76,0.763382211
cana389.rwl.csv,cana389,J0025,J0025N,J0025S,1915,1999,85,1.180658122
cana391.rwl.csv,cana391,G9801,G9801N,G9801S,1901,1997,97,0.791992226
cana394.rwl.csv,cana394,YH406,YH406N,YH406S,1901,2003,103,0.780947924
cana394.rwl.csv,cana394,YH472,YH472N,YH472S,1916,2003,88,1.608109523
cana394.rwl.csv,cana394,YH404,YH404N,YH404S,1923,2003,81,0.79972603
cana395.rwl.csv,cana395,E0005,E0005N,E0005S,1901,1995,95,1.490319253
cana397.rwl.csv,cana397,G0005,G0005N,G0005S,1901,1999,99,0.855012099
cana397.rwl.csv,cana397,G0007,G0007N,G0007S,1901,1999,99,0.86174849
cana397.rwl.csv,cana397,G0010,G0010N,G0010S,1901,1999,99,0.527854724
cana397.rwl.csv,cana397,G0016,G0016N,G0016S,1901,1999,99,1.568857681
cana397.rwl.csv,cana397,G0022,G0022N,G0022S,1901,1998,98,0.855397584
cana398.rwl.csv,cana398,J9801,J9801N,J9801S,1901,1997,97,1.14658269
cana398.rwl.csv,cana398,J9807,J9807N,J9807S,1901,1986,86,1.19581686
cana398.rwl.csv,cana398,J9811,J9811N,J9811S,1901,1967,67,1.068858418
cana398.rwl.csv,cana398,J9813,J9813N,J9813S,1901,1953,53,0.688271593
cana398.rwl.csv,cana398,J9819,J9819N,J9819S,1901,1997,97,1.078793053
cana398.rwl.csv,cana398,J9822,J9822N,J9822S,1901,1989,89,0.968688226
cana399.rwl.csv,cana399,A0006,A0006N,A0006S,1901,1938,38,1.208386383
cana399.rwl.csv,cana399,A0014,A0014N,A0014S,1901,1999,99,1.123466756
cana399.rwl.csv,cana399,A0016,A0016N,A0016S,1901,1980,80,1.10853569
cana399.rwl.csv,cana399,A0030,A0030N,A0030S,1901,1971,71,1.097690686
cana399.rwl.csv,cana399,L0008,L0008N,L0008S,1901,1999,99,1.088631741
cana399.rwl.csv,cana399,L0012,L0012N,L0012S,1901,1991,91,1.19837318
cana400.rwl.csv,cana400,V0006,V0006N,V0006S,1901,1966,66,0.710771337
cana400.rwl.csv,cana400,V0010,V0010N,V0010S,1901,1996,96,1.710417226
cana400.rwl.csv,cana400,V0012,V0012N,V0012S,1901,1999,99,0.788774554
cana400.rwl.csv,cana400,V0014,V0014N,V0014S,1901,1999,99,0.765530441
cana400.rwl.csv,cana400,V0022,V0022N,V0022S,1901,1999,99,1.602691085
cana402.rwl.csv,cana402,R0006,R0006N,R0006S,1901,1998,98,0.994303903
cana402.rwl.csv,cana402,R0012,R0012N,R0012S,1901,1999,99,0.948152945
cana402.rwl.csv,cana402,R0014,R0014N,R0014S,1901,1999,99,1.411165659
cana402.rwl.csv,cana402,R0018,R0018N,R0018S,1901,1999,99,0.868651857
cana402.rwl.csv,cana402,R0020,R0020N,R0020S,1901,1999,99,0.821189753
cana402.rwl.csv,cana402,R0024,R0024N,R0024S,1901,1999,99,0.96133303
cana402.rwl.csv,cana402,R0025,R0025N,R0025S,1901,1999,99,2.052607053
cana402.rwl.csv,cana402,R0027,R0027N,R0027S,1901,1999,99,1.040496842
cana402.rwl.csv,cana402,R0029,R0029N,R0029S,1901,1998,98,1.57469539
cana402.rwl.csv,cana402,R0038,R0038N,R0038S,1901,1999,99,1.200693007
cana403.rwl.csv,cana403,T0008,T0008N,T0008S,1901,1999,99,0.900841539
cana403.rwl.csv,cana403,T0011,T0011N,T0011S,1901,1999,99,0.88634969
cana404.rwl.csv,cana404,AV402,AV402N,AV402S,1901,1992,92,1.113794555
cana404.rwl.csv,cana404,AV411,AV411N,AV411S,1901,1993,93,1.226558192
cana411.rwl.csv,cana411,LV777,LV777N,LV777S,1912,1986,75,1.293199106
cana411.rwl.csv,cana411,LV779,LV779N,LV779S,1906,1986,81,0.988375885
cana411.rwl.csv,cana411,LV795,LV795N,LV795S,1914,1986,73,1.74005445
cana413.rwl.csv,cana413,M8834,M8834N,M8834S,1901,1987,87,1.857864867
cana413.rwl.csv,cana413,M8856,M8856N,M8856S,1901,1987,87,0.626424005
cana413.rwl.csv,cana413,M8861,M8861N,M8861S,1901,1987,87,1.16384135
cana416.rwl.csv,cana416,RP404,RP404N,RP404S,1901,1979,79,1.157581638
cana416.rwl.csv,cana416,RP413,RP413N,RP413S,1901,1993,93,1.505933417
cana416.rwl.csv,cana416,RP414,RP414N,RP414S,1901,1991,91,0.750842004
cana416.rwl.csv,cana416,RP416,RP416N,RP416S,1901,1992,92,1.456473509
cana416.rwl.csv,cana416,RP417,RP417N,RP417S,1901,1992,92,1.02250108
cana422.rwl.csv,cana422,TW403,TW403N,TW403S,1901,1993,93,0.945002557
cana425.rwl.csv,cana425,WP461,WP461N,WP461S,1901,1993,93,0.676418063
cana426.rwl.csv,cana426,JB842,JB842N,JB842S,1901,2007,107,0.923716716
cana426.rwl.csv,cana426,JB845,JB845N,JB845S,1901,2008,108,2.207384788
cana426e.rwl.csv,cana426e,JB842,JB842N,JB842S,1901,2007,107,1.053621489
cana426e.rwl.csv,cana426e,JB845,JB845N,JB845S,1901,2008,108,2.16011219
cana426l.rwl.csv,cana426l,JB842,JB842N,JB842S,1901,2007,107,0.640330253
cana427.rwl.csv,cana427,JY802,JY802N,JY802S,1901,2008,108,0.904947906
cana427.rwl.csv,cana427,JY819,JY819N,JY819S,1901,2008,108,0.991878483
cana427e.rwl.csv,cana427e,JY802,JY802N,JY802S,1901,2008,108,0.925176851
cana427e.rwl.csv,cana427e,JY819,JY819N,JY819S,1901,2008,108,0.961718893
cana428.rwl.csv,cana428,A7K06,A7K06N,A7K06S,1901,2006,106,1.285806913
cana428.rwl.csv,cana428,A7K20,A7K20N,A7K20S,1901,2006,106,0.826726937
cana428.rwl.csv,cana428,A7K22,A7K22N,A7K22S,1901,2006,106,1.013733313
cana430.rwl.csv,cana430,A2320,A2320N,A2320S,1901,1981,81,1.049728366
cana430.rwl.csv,cana430,A8719,A8719N,A8719S,1901,1964,64,1.34648159
cana430.rwl.csv,cana430,A8724,A8724N,A8724S,1901,1986,86,1.281244571
cana430.rwl.csv,cana430,A8730,A8730N,A8730S,1901,1986,86,1.488180688
cana430.rwl.csv,cana430,A8812,A8812N,A8812S,1901,1987,87,0.964609862
cana430.rwl.csv,cana430,A8816,A8816N,A8816S,1901,1987,87,0.840670237
cana430.rwl.csv,cana430,A8817,A8817N,A8817S,1901,1987,87,1.945043545
cana430.rwl.csv,cana430,A8821,A8821N,A8821S,1901,1986,86,1.207433444
cana430.rwl.csv,cana430,A8827,A8827N,A8827S,1901,1987,87,1.147241413
cana430.rwl.csv,cana430,A8832,A8832N,A8832S,1901,1987,87,0.620095739
cana432.rwl.csv,cana432,B9243,B9243N,B9243S,1936,1991,56,0.053363594
cana433.rwl.csv,cana433,B8291,B8291N,B8291S,1901,1981,81,0.819651892
cana435.rwl.csv,cana435,M9104,M9104N,M9104S,1901,1990,90,0.942133486
cana435.rwl.csv,cana435,M9142,M9142N,M9142S,1901,1990,90,0.781905418
cana435.rwl.csv,cana435,M9155,M9155N,M9155S,1901,1990,90,1.194582991
cana437.rwl.csv,cana437,G9111,G9111N,G9111S,1901,1942,42,0.907549569
cana437.rwl.csv,cana437,G9112,G9112N,G9112S,1901,1990,90,0.505305751
cana438.rwl.csv,cana438,Q8840,Q8840N,Q8840S,1901,1987,87,1.144279441
cana440.rwl.csv,cana440,LL816,LL816N,LL816S,1901,1943,43,1.406052917
cana440.rwl.csv,cana440,L8321,L8321N,L8321S,1901,1982,82,1.12418876
cana441.rwl.csv,cana441,LS743,LS743N,LS743S,1901,1986,86,0.741873969
cana441.rwl.csv,cana441,LS756,LS756N,LS756S,1901,1986,86,0.907264628
cana442.rwl.csv,cana442,B3M12,B3M12N,B3M12S,1901,2002,102,0.735312656
cana443.rwl.csv,cana443,W8816,W8816N,W8816S,1901,1987,87,0.600454065
cana446.rwl.csv,cana446,Q9106,Q9106N,Q9106S,1901,1937,37,2.09721027
cana449.rwl.csv,cana449,T9120,T9120N,T9120S,1901,1967,67,1.093762082
cana452.rwl.csv,cana452,W9207,W9207N,W9207S,1901,1991,91,1.226656691
cana453.rwl.csv,cana453,V9101,V9101N,V9101S,1901,1990,90,1.087005516
cana454.rwl.csv,cana454,B3T17,B3T17N,B3T17S,1901,2002,102,0.70307652
cana457.rwl.csv,cana457,Y9142,Y9142N,Y9142S,1901,1945,45,1.33750389
cana572.rwl.csv,cana572,CRA21,CRA21N,CRA21S,1901,1998,98,1.054326095
cana572.rwl.csv,cana572,CRA09,CRA09N,CRA09S,1901,1998,98,1.244363537
cana572.rwl.csv,cana572,CRA10,CRA10N,CRA10S,1901,1998,98,1.504583349
cana592.rwl.csv,cana592,YB0008,YB0008N,YB0008S,1901,1998,98,0.840120045
cana592b.rwl.csv,cana592b,YB0008,YB0008N,YB0008S,1901,1998,98,1.13773905
cana592b.rwl.csv,cana592b,YB0009,YB0009N,YB0009S,1901,1998,98,1.184574394
cana593.rwl.csv,cana593,YNG915,YNG915N,YNG915S,1901,1998,98,1.0055093
cana593.rwl.csv,cana593,YNG935,YNG935N,YNG935S,1901,1998,98,0.828312911
cana593.rwl.csv,cana593,YNG936,YNG936N,YNG936S,1901,1998,98,1.33201712
cana593.rwl.csv,cana593,YNG947,YNG947N,YNG947S,1901,1998,98,1.166210256
cana593b.rwl.csv,cana593b,YNG935,YNG935N,YNG935S,1901,1997,97,1.193105802
cana593b.rwl.csv,cana593b,YNG936,YNG936N,YNG936S,1901,1997,97,1.020793825
cana593b.rwl.csv,cana593b,YNG941,YNG941N,YNG941S,1901,1997,97,1.039583226
cana594.rwl.csv,cana594,YC402,YC402N,YC402S,1901,2003,103,0.723685395
cana597.rwl.csv,cana597,YF203,YF203N,YF203S,1901,2001,101,0.827103577
cana597.rwl.csv,cana597,YF207,YF207N,YF207S,1901,2001,101,1.71252984
cana597.rwl.csv,cana597,YF222,YF222N,YF222S,1901,2001,101,0.844072636
cana597.rwl.csv,cana597,FARR30,FARR30N,FARR30S,1901,2004,104,1.166592939
cana598.rwl.csv,cana598,YWW27,YWW27N,YWW27S,1901,2001,101,0.809976274
cana598b.rwl.csv,cana598b,YWW08,YWW08N,YWW08S,1901,1998,98,0.968414699
cana600.rwl.csv,cana600,L0003,L0003N,L0003S,1901,1999,99,0.596167805
cana600.rwl.csv,cana600,L0006,L0006N,L0006S,1901,1991,91,1.791841047
cana600.rwl.csv,cana600,L0008,L0008N,L0008S,1901,1999,99,1.292837773
cana600.rwl.csv,cana600,L9934,L9934N,L9934S,1901,1998,98,1.626571525
cana600.rwl.csv,cana600,L9939,L9939N,L9939S,1901,1996,96,1.624103813
cana600.rwl.csv,cana600,L9947,L9947N,L9947S,1901,1998,98,1.183489099
cana600.rwl.csv,cana600,L9948,L9948N,L9948S,1901,1949,49,1.434654288
cana600.rwl.csv,cana600,YLL11,YLL11N,YLL11S,1901,2001,101,1.295797569
cana600.rwl.csv,cana600,YLL13,YLL13N,YLL13S,1901,1933,33,0.995851197
cana600.rwl.csv,cana600,YLL14,YLL14N,YLL14S,1901,1997,97,1.284293678
cana600.rwl.csv,cana600,YLL20,YLL20N,YLL20S,1901,2001,101,1.58066942
cana600.rwl.csv,cana600,YLL22,YLL22N,YLL22S,1901,2001,101,1.640685457
cana600.rwl.csv,cana600,YLL23,YLL23N,YLL23S,1901,2001,101,0.962648011
cana600b.rwl.csv,cana600b,LLB42,LLB42N,LLB42S,1901,2000,100,0.992541042
cana600b.rwl.csv,cana600b,LLB19,LLB19N,LLB19S,1901,1978,78,1.074990441
cana601.rwl.csv,cana601,LAPR13,LAPR13N,LAPR13S,1901,2005,105,0.842875823
cana601.rwl.csv,cana601,LAPR65,LAPR65N,LAPR65S,1901,1988,88,0.99382905
cana601b.rwl.csv,cana601b,LAPB13,LAPB13N,LAPB13S,1901,2004,104,1.066952722
cana602.rwl.csv,cana602,YB224,YB224N,YB224S,1901,2001,101,1.107947475
cana602b.rwl.csv,cana602b,YB224,YB224N,YB224S,1901,2000,100,0.98739315
cana603.rwl.csv,cana603,YM401,YM401N,YM401S,1901,1999,99,0.905873952
cana603b.rwl.csv,cana603b,YM401,YM401N,YM401S,1901,2002,102,0.959625566
cana604.rwl.csv,cana604,YE201,YE201N,YE201S,1901,1945,45,1.264261971
cana604.rwl.csv,cana604,YE219,YE219N,YE219S,1901,2001,101,0.889223838
cana604.rwl.csv,cana604,MTMR03,MTMR03N,MTMR03S,1901,2005,105,1.001795812
cana604.rwl.csv,cana604,MTMR29,MTMR29N,MTMR29S,1901,2005,105,1.111581715
cana604b.rwl.csv,cana604b,MTMB03,MTMB03N,MTMB03S,1901,2004,104,0.970114041
cana605.rwl.csv,cana605,ROSR23,ROSR23N,ROSR23S,1901,2005,105,1.00144728
cana605b.rwl.csv,cana605b,ROSB23,ROSB23N,ROSB23S,1901,2004,104,0.970679065
cana609.rwl.csv,cana609,01_17,01_17N,01_17S,1901,2015,115,1.062208844
cana609.rwl.csv,cana609,01_26,01_26N,01_26S,1999,2015,17,1.713189052
cana609.rwl.csv,cana609,01_29,01_29N,01_29S,1984,2015,32,1.257106272
cana609.rwl.csv,cana609,01_34,01_34N,01_34S,1901,2015,115,1.375583044
cana609.rwl.csv,cana609,01_36,01_36N,01_36S,1927,2012,86,1.421028871
cana609.rwl.csv,cana609,01_39,01_39N,01_39S,1919,2015,97,1.35478471
cana609.rwl.csv,cana609,01_47,01_47N,01_47S,1944,2015,72,1.034297766
cana609.rwl.csv,cana609,01_49,01_49N,01_49S,1969,2015,47,0.761543071
cana609.rwl.csv,cana609,01_51,01_51N,01_51S,1989,2015,27,1.034983435
cana609.rwl.csv,cana609,01_57,01_57N,01_57S,1985,2015,31,0.931354665
cana609.rwl.csv,cana609,01_58,01_58N,01_58S,1994,2015,22,1.262144015
cana609.rwl.csv,cana609,01_61,01_61N,01_61S,1987,2015,29,1.865655691
cana609.rwl.csv,cana609,01_62,01_62N,01_62S,1991,2015,25,0.940164551
cana609.rwl.csv,cana609,01_79,01_79N,01_79S,1952,2015,64,2.356359776
cana609.rwl.csv,cana609,01_82,01_82N,01_82S,1983,2015,33,1.2618632
cana609.rwl.csv,cana609,01_83,01_83N,01_83S,1989,2015,27,1.047279954
cana609.rwl.csv,cana609,01_93,01_93N,01_93S,1950,2015,66,1.770737045
cana609.rwl.csv,cana609,02_03,02_03N,02_03S,1960,2015,56,0.977051188
cana609.rwl.csv,cana609,02_09,02_09N,02_09S,1943,2015,73,0.531312689
cana609.rwl.csv,cana609,02_12,02_12N,02_12S,1941,2015,75,0.922533127
cana609.rwl.csv,cana609,02_13,02_13N,02_13S,1950,2015,66,1.505975025
chn088.rwl.csv,chn088,S1T02,S1T02N,S1T02S,1902,2015,114,1.119382547
chn088.rwl.csv,chn088,S1T03,S1T03N,S1T03S,1901,2015,115,1.414700057
chn088.rwl.csv,chn088,S1T04,S1T04N,S1T04S,1901,2015,115,0.815714348
chn088.rwl.csv,chn088,S1T07,S1T07N,S1T07S,1919,2015,97,1.519116006
chn088.rwl.csv,chn088,S1T08,S1T08N,S1T08S,1920,2015,96,1.373613562
chn088.rwl.csv,chn088,S1T10,S1T10N,S1T10S,1901,2015,115,1.260875956
chn088.rwl.csv,chn088,S1T13,S1T13N,S1T13S,1968,2015,48,1.068045135
chn088.rwl.csv,chn088,S1T14,S1T14N,S1T14S,1945,2015,71,0.939026472
chn088.rwl.csv,chn088,S1T16,S1T16N,S1T16S,1965,2015,51,0.869350819
chn088.rwl.csv,chn088,S1T18,S1T18N,S1T18S,1901,2015,115,0.807483972
chn088.rwl.csv,chn088,S1T19,S1T19N,S1T19S,1901,2015,115,0.788014267
chn089.rwl.csv,chn089,S2T01,S2T01N,S2T01S,1980,2015,36,1.30406687
chn089.rwl.csv,chn089,S2T02,S2T02N,S2T02S,1973,2015,43,0.972641839
chn089.rwl.csv,chn089,S2T05,S2T05N,S2T05S,1980,2015,36,0.766318236
chn089.rwl.csv,chn089,S2T07,S2T07N,S2T07S,1974,2015,42,0.489037776
chn089.rwl.csv,chn089,S2T11,S2T11N,S2T11S,1972,2015,44,0.573757203
chn089.rwl.csv,chn089,S2T13,S2T13N,S2T13S,1984,2015,32,0.89362974
chn089.rwl.csv,chn089,S2T14,S2T14N,S2T14S,1969,2015,47,1.264171877
chn089.rwl.csv,chn089,S2T15,S2T15N,S2T15S,1926,2015,90,1.645153859
chn089.rwl.csv,chn089,S2T16,S2T16N,S2T16S,1966,2015,50,1.047701829
chn089.rwl.csv,chn089,S2T03,S2T03N,S2T03S,1968,2015,48,0.644275454
chn089.rwl.csv,chn089,S2T17,S2T17N,S2T17S,1972,2015,44,0.957784413
chn089.rwl.csv,chn089,S2T10,S2T10N,S2T10S,1978,2015,38,0.969072313
ct001.rwl.csv,ct001,BP2,BP2N,BP2S,1901,1982,82,0.764153605
ct001.rwl.csv,ct001,BP8,BP8N,BP8S,1901,1985,85,1.247502346
ct001.rwl.csv,ct001,BP10,BP10N,BP10S,1901,1985,85,0.959771044
ct002.rwl.csv,ct002,NF3,NF3N,NF3S,1901,1972,72,2.143046213
ct002.rwl.csv,ct002,NF5,NF5N,NF5S,1901,1985,85,1.034534122
ct002.rwl.csv,ct002,NF8,NF8N,NF8S,1901,1984,84,1.748942366
ct003.rwl.csv,ct003,NMC25,NMC25N,NMC25S,1901,2015,115,1.445415327
ct003.rwl.csv,ct003,NMC27,NMC27N,NMC27S,1901,2015,115,1.326206835
ct003.rwl.csv,ct003,NMC28,NMC28N,NMC28S,1901,2015,115,1.056982222
ct003.rwl.csv,ct003,NMC29,NMC29N,NMC29S,1913,2015,103,1.096436577
ct003.rwl.csv,ct003,NMC30,NMC30N,NMC30S,1901,2015,115,1.754217904
ct003.rwl.csv,ct003,NMC31,NMC31N,NMC31S,1901,2015,115,0.952489722
ct003.rwl.csv,ct003,NMC32,NMC32N,NMC32S,1901,2015,115,1.039359571
ct003.rwl.csv,ct003,NMC33,NMC33N,NMC33S,1901,2015,115,0.779640297
ct003.rwl.csv,ct003,NMC36,NMC36N,NMC36S,1926,2015,90,1.291135785
ct003.rwl.csv,ct003,NMC37,NMC37N,NMC37S,1901,2015,115,1.137730297
ct003.rwl.csv,ct003,NMC38,NMC38N,NMC38S,1901,2015,115,1.260962022
ct003.rwl.csv,ct003,NMC39,NMC39N,NMC39S,1908,2015,108,1.119719316
ct003.rwl.csv,ct003,NMC41,NMC41N,NMC41S,1901,2015,115,0.912466008
ct003.rwl.csv,ct003,NMC46,NMC46N,NMC46S,1901,2015,115,0.838777722
in042.rwl.csv,in042,206,206N,206S,1901,1949,49,1.086862776
ma035.rwl.csv,ma035,WMS04,WMS04N,WMS04S,1933,2014,82,1.168295613
ma035.rwl.csv,ma035,WMS08,WMS08N,WMS08S,1913,2014,102,0.943326738
ma035.rwl.csv,ma035,WMS10,WMS10N,WMS10S,1901,2014,114,0.834636185
ma035.rwl.csv,ma035,WMS12,WMS12N,WMS12S,1918,2014,97,1.097444612
ma035.rwl.csv,ma035,WMS14,WMS14N,WMS14S,1906,2007,102,1.467800592
ma035.rwl.csv,ma035,WMS16,WMS16N,WMS16S,1924,2014,91,1.063734435
ma035.rwl.csv,ma035,WMS18,WMS18N,WMS18S,1901,2014,114,1.203295209
ma035.rwl.csv,ma035,WMS19,WMS19N,WMS19S,1916,2014,99,1.259913615
ma035.rwl.csv,ma035,WMS20,WMS20N,WMS20S,1901,2014,114,0.952523828
ma035.rwl.csv,ma035,WMS22,WMS22N,WMS22S,1913,2014,102,1.242434088
ma035.rwl.csv,ma035,WMS24,WMS24N,WMS24S,1913,2014,102,1.184166318
ma035.rwl.csv,ma035,WMS26,WMS26N,WMS26S,1926,2014,89,1.20566405
ma035.rwl.csv,ma035,WMS30,WMS30N,WMS30S,1919,2014,96,1.008225081
me021.rwl.csv,me021,RP04,RP04N,RP04S,1901,1986,86,1.055168668
me033.rwl.csv,me033,722-,722-N,722-S,1915,1992,78,0.836435622
me033.rwl.csv,me033,733-,733-N,733-S,1901,1992,92,0.746484565
me033.rwl.csv,me033,599-,599-N,599-S,1940,1992,53,0.933323619
me033.rwl.csv,me033,505-,505-N,505-S,1941,1992,52,0.777815844
me034.rwl.csv,me034,590-,590-N,590-S,1901,1992,92,1.214257968
me034.rwl.csv,me034,593-,593-N,593-S,1901,1992,92,0.832711732
me034.rwl.csv,me034,599-,599-N,599-S,1940,1992,53,0.933323619
me035.rwl.csv,me035,722-,722-N,722-S,1915,1992,78,0.836435622
me035.rwl.csv,me035,729-,729-N,729-S,1964,1992,29,0.801210009
me035.rwl.csv,me035,733-,733-N,733-S,1901,1992,92,0.746484565
me035.rwl.csv,me035,734-,734-N,734-S,1965,1992,28,0.765088173
mi009.rwl.csv,mi009,SP04,SP04N,SP04S,1901,1983,83,1.593215377
mi009.rwl.csv,mi009,SP07,SP07N,SP07S,1901,1983,83,1.119542261
mi009.rwl.csv,mi009,SP15,SP15N,SP15S,1901,1983,83,0.822373914
mi009.rwl.csv,mi009,SP24,SP24N,SP24S,1901,1983,83,0.963442554
mi009.rwl.csv,mi009,SP28,SP28N,SP28S,1901,1983,83,1.592166394
mi023.rwl.csv,mi023,DUK1095,DUK1095N,DUK1095S,1901,2015,115,1.233638518
mi023.rwl.csv,mi023,DUK2019,DUK2019N,DUK2019S,1901,2015,115,0.705075016
mi024.rwl.csv,mi024,HMC2041,HMC2041N,HMC2041S,1901,2013,113,0.746658686
mi024.rwl.csv,mi024,HMC2042,HMC2042N,HMC2042S,1944,2015,72,1.046440525
mi024.rwl.csv,mi024,HMC2044,HMC2044N,HMC2044S,1928,2012,85,2.084386676
mi024.rwl.csv,mi024,HMC2045,HMC2045N,HMC2045S,1951,2009,59,1.679069872
mi024.rwl.csv,mi024,HMC4018,HMC4018N,HMC4018S,1921,2014,94,1.278203813
mi024.rwl.csv,mi024,HMC4038,HMC4038N,HMC4038S,1901,2015,115,0.51572949
mi024.rwl.csv,mi024,HMC4119,HMC4119N,HMC4119S,1901,2009,109,0.926477899
mi024.rwl.csv,mi024,HMC4123,HMC4123N,HMC4123S,1901,2015,115,1.374617262
mi024.rwl.csv,mi024,HMC4124,HMC4124N,HMC4124S,1950,2014,65,2.36377093
mi024.rwl.csv,mi024,HMC4194,HMC4194N,HMC4194S,1930,2015,86,1.009508412
mi025.rwl.csv,mi025,HMC1001,HMC1001N,HMC1001S,1901,2014,114,0.734164783
mi025.rwl.csv,mi025,HMC1008,HMC1008N,HMC1008S,1901,2008,108,1.185701543
mi025.rwl.csv,mi025,HMC1013,HMC1013N,HMC1013S,1901,2012,112,0.916393576
mi025.rwl.csv,mi025,HMC1018,HMC1018N,HMC1018S,1901,2014,114,1.825280486
mi025.rwl.csv,mi025,HMC1023,HMC1023N,HMC1023S,1901,2015,115,1.212167166
mi025.rwl.csv,mi025,HMC1031,HMC1031N,HMC1031S,1901,2015,115,1.426552267
mi025.rwl.csv,mi025,HMC1033,HMC1033N,HMC1033S,1901,2014,114,0.749511291
mi025.rwl.csv,mi025,HMC1035,HMC1035N,HMC1035S,1901,1941,41,1.149598972
mi025.rwl.csv,mi025,HMC1037,HMC1037N,HMC1037S,1901,1949,49,1.298860732
mi025.rwl.csv,mi025,HMC1039,HMC1039N,HMC1039S,1901,1949,49,0.451864416
mi025.rwl.csv,mi025,HMC1041,HMC1041N,HMC1041S,1907,2007,101,0.829256587
mi025.rwl.csv,mi025,HMC3037,HMC3037N,HMC3037S,1901,2015,115,1.186442822
mi025.rwl.csv,mi025,HMC3041,HMC3041N,HMC3041S,1901,2015,115,0.730366536
mi025.rwl.csv,mi025,HMC3077,HMC3077N,HMC3077S,1901,2003,103,0.853970355
mi025.rwl.csv,mi025,HMC3080,HMC3080N,HMC3080S,1901,2015,115,1.17250212
mi025.rwl.csv,mi025,HMC3119,HMC3119N,HMC3119S,1901,1943,43,1.051221612
mi025.rwl.csv,mi025,HMC3161,HMC3161N,HMC3161S,1901,2000,100,1.8366448
mi025.rwl.csv,mi025,HMC3196,HMC3196N,HMC3196S,1901,2013,113,0.731461439
mong002.rwl.csv,mong002,MH 4,MH 4N,MH 4S,1901,1994,94,1.552541631
mong003.rwl.csv,mong003,TPR17,TPR17N,TPR17S,1901,1999,99,2.135279567
mong005.rwl.csv,mong005,UN22,UN22N,UN22S,1901,1996,96,0.785555211
mong005.rwl.csv,mong005,UN23,UN23N,UN23S,1901,1996,96,1.273007159
mong006.rwl.csv,mong006,ZM01,ZM01N,ZM01S,1920,2001,82,0.823675795
mong006.rwl.csv,mong006,ZM03,ZM03N,ZM03S,1901,2001,101,2.016185983
mong006.rwl.csv,mong006,ZM06,ZM06N,ZM06S,1901,2001,101,1.970760831
mong009.rwl.csv,mong009,KK10,KK10N,KK10S,1901,1998,98,0.92046243
mong009.rwl.csv,mong009,KK17,KK17N,KK17S,1901,1998,98,1.189876022
mong009.rwl.csv,mong009,KK21,KK21N,KK21S,1901,1998,98,1.108399711
mong014.rwl.csv,mong014,SM03,SM03N,SM03S,1901,2000,100,1.45030504
mong015.rwl.csv,mong015,KL4,KL4N,KL4S,1901,2000,100,1.586860076
mong015.rwl.csv,mong015,KL7,KL7N,KL7S,1901,2000,100,1.060252062
mong015.rwl.csv,mong015,KL27,KL27N,KL27S,1901,2000,100,0.80526237
mong016.rwl.csv,mong016,AX24,AX24N,AX24S,1901,2004,104,0.504992916
mong021.rwl.csv,mong021,HM04,HM04N,HM04S,1901,2001,101,0.7224989
mong022.rwl.csv,mong022,IR11,IR11N,IR11S,1901,1996,96,1.196097588
mong022.rwl.csv,mong022,IR13,IR13N,IR13S,1901,1996,96,1.096055201
mong023.rwl.csv,mong023,HUL2,HUL2N,HUL2S,1901,1998,98,1.279449491
mong023.rwl.csv,mong023,HUL3,HUL3N,HUL3S,1901,1998,98,1.500377325
mong023.rwl.csv,mong023,HUL13,HUL13N,HUL13S,1901,1998,98,0.837860259
mong023.rwl.csv,mong023,HUL14,HUL14N,HUL14S,1901,1998,98,1.34378573
mong023.rwl.csv,mong023,HUL20,HUL20N,HUL20S,1901,1998,98,0.610898683
mong026.rwl.csv,mong026,MU01,MU01N,MU01S,1901,2002,102,1.014238778
mong027.rwl.csv,mong027,ND12,ND12N,ND12S,1901,2001,101,0.7582076
mong028.rwl.csv,mong028,OG10,OG10N,OG10S,1901,2001,101,1.230871448
mong029.rwl.csv,mong029,OVL5,OVL5N,OVL5S,1901,1998,98,0.858935107
mong029.rwl.csv,mong029,OVL7,OVL7N,OVL7S,1901,1998,98,0.637678427
mong029.rwl.csv,mong029,OVL8,OVL8N,OVL8S,1901,1980,80,1.546856027
mong029.rwl.csv,mong029,OVL10,OVL10N,OVL10S,1901,1998,98,0.969928362
mong029.rwl.csv,mong029,OVL20,OVL20N,OVL20S,1901,1998,98,1.056256975
mong030.rwl.csv,mong030,SPR21,SPR21N,SPR21S,1901,1998,98,1.509234449
mong030.rwl.csv,mong030,SPR26,SPR26N,SPR26S,1901,1998,98,1.525752489
mong030.rwl.csv,mong030,SPR33,SPR33N,SPR33S,1901,1998,98,1.391798968
mong033.rwl.csv,mong033,HB8,HB8N,HB8S,1901,1997,97,1.557805677
mong033.rwl.csv,mong033,HB21,HB21N,HB21S,1901,1997,97,0.700967074
mong040.rwl.csv,mong040,OZN04,OZN04N,OZN04S,1901,2005,105,1.10006778
mong040.rwl.csv,mong040,SXN21,SXN21N,SXN21S,1901,2005,105,1.319651383
mong040.rwl.csv,mong040,SXN36,SXN36N,SXN36S,1901,2005,105,0.937572637
mong040.rwl.csv,mong040,SXN39,SXN39N,SXN39S,1901,2005,105,0.716786712
nepa044.rwl.csv,nepa044,ABPI041,ABPI041N,ABPI041S,1901,2009,109,1.336589165
newz091.rwl.csv,newz091,KKB004,KKB004N,KKB004S,1901,1996,96,0.964036288
newz091.rwl.csv,newz091,KKB010,KKB010N,KKB010S,1901,1996,96,1.310918284
newz091.rwl.csv,newz091,KKB011,KKB011N,KKB011S,1926,1996,71,1.710439094
newz118.rwl.csv,newz118,DBY002,DBY002N,DBY002S,1901,1990,90,1.069832521
newz118.rwl.csv,newz118,DBY003,DBY003N,DBY003S,1901,1990,90,1.117225878
newz121.rwl.csv,newz121,ORS200,ORS200N,ORS200S,1901,1997,97,1.417622309
nj001.rwl.csv,nj001,HF 10,HF 10N,HF 10S,1901,1982,82,0.959330198
nj001.rwl.csv,nj001,HF 15,HF 15N,HF 15S,1901,1982,82,0.755241496
nj002.rwl.csv,nj002,HF 10,HF 10N,HF 10S,1901,1982,82,0.959330198
nj002.rwl.csv,nj002,HF 15,HF 15N,HF 15S,1901,1982,82,0.755241496
nj010.rwl.csv,nj010,BWC30,BWC30N,BWC30S,1901,2010,110,0.843601849
nj010.rwl.csv,nj010,BWC32,BWC32N,BWC32S,1901,2015,115,1.100132809
nj010.rwl.csv,nj010,BWC33,BWC33N,BWC33S,1910,2015,106,0.830043949
nj010.rwl.csv,nj010,BWC34,BWC34N,BWC34S,1931,2015,85,0.868749152
nj010.rwl.csv,nj010,BWC35,BWC35N,BWC35S,1908,2015,108,1.176655901
nj010.rwl.csv,nj010,BWC36,BWC36N,BWC36S,1901,2015,115,1.118619953
nj010.rwl.csv,nj010,BWC38,BWC38N,BWC38S,1901,2015,115,0.993475752
nj010.rwl.csv,nj010,BWC40,BWC40N,BWC40S,1901,2015,115,1.458089797
nj010.rwl.csv,nj010,BWC41,BWC41N,BWC41S,1901,2015,115,0.755469996
nj010.rwl.csv,nj010,BWC45,BWC45N,BWC45S,1901,2014,114,1.665792459
nj010.rwl.csv,nj010,BWC46,BWC46N,BWC46S,1901,2015,115,1.111269406
nj010.rwl.csv,nj010,BWC47,BWC47N,BWC47S,1901,2015,115,1.420064458
nj010.rwl.csv,nj010,BWC49,BWC49N,BWC49S,1901,2015,115,1.18291541
nj011.rwl.csv,nj011,CBJ22,CBJ22N,CBJ22S,1901,1964,64,0.950320068
nj011.rwl.csv,nj011,CBJ28,CBJ28N,CBJ28S,1937,2015,79,2.02277677
nj011.rwl.csv,nj011,CBJ31,CBJ31N,CBJ31S,1901,2015,115,1.754455862
nj011.rwl.csv,nj011,CBJ33,CBJ33N,CBJ33S,1901,2015,115,0.973237958
nj011.rwl.csv,nj011,CBJ35,CBJ35N,CBJ35S,1901,2015,115,1.32650839
nj011.rwl.csv,nj011,CBJ37,CBJ37N,CBJ37S,1901,2010,110,1.370591387
nj011.rwl.csv,nj011,CBJ39,CBJ39N,CBJ39S,1901,2015,115,1.215825664
nj011.rwl.csv,nj011,CBJ41,CBJ41N,CBJ41S,1901,2015,115,1.044571425
nj011.rwl.csv,nj011,CBJ42,CBJ42N,CBJ42S,1939,2015,77,1.294527436
nm596.rwl.csv,nm596,FM10,FM10N,FM10S,1901,1968,68,1.021966961
nm599.rwl.csv,nm599,LS05,LS05N,LS05S,1901,1968,68,0.816850003
russ215.rwl.csv,russ215,BG3,BG3N,BG3S,1901,1996,96,1.229765116
russ215.rwl.csv,russ215,BG17,BG17N,BG17S,1901,1996,96,1.024541409
russ215.rwl.csv,russ215,BG18,BG18N,BG18S,1901,1996,96,1.777817521
russ215.rwl.csv,russ215,BG19,BG19N,BG19S,1901,1996,96,0.864115544
russ216.rwl.csv,russ216,AMS1-,AMS1-N,AMS1-S,1901,1994,94,0.563525748
russ216.rwl.csv,russ216,AMS3-,AMS3-N,AMS3-S,1901,1988,88,0.834439362
russ217.rwl.csv,russ217,KR05,KR05N,KR05S,1901,1995,95,0.867990298
russ217.rwl.csv,russ217,KR09,KR09N,KR09S,1901,1995,95,0.84182252
russ217.rwl.csv,russ217,KR10,KR10N,KR10S,1901,1995,95,1.431650726
russ217.rwl.csv,russ217,KR12,KR12N,KR12S,1901,1995,95,1.336872735
russ217.rwl.csv,russ217,KR14,KR14N,KR14S,1901,1993,93,1.888931296
russ218.rwl.csv,russ218,RV3,RV3N,RV3S,1901,1997,97,2.200974835
russ218.rwl.csv,russ218,RV13,RV13N,RV13S,1901,1997,97,1.006153151
russ218.rwl.csv,russ218,RV4,RV4N,RV4S,1901,1997,97,0.946772816
russ219.rwl.csv,russ219,BRL15,BRL15N,BRL15S,1901,2000,100,2.070792943
russ221.rwl.csv,russ221,LR56,LR56N,LR56S,1901,1997,97,0.608595317
russ221.rwl.csv,russ221,AMS6-L,AMS6-LN,AMS6-LS,1901,1963,63,0.607051242
russ221.rwl.csv,russ221,KR05,KR05N,KR05S,1901,1995,95,0.867990298
russ221.rwl.csv,russ221,KR09,KR09N,KR09S,1901,1995,95,0.84182252
russ221.rwl.csv,russ221,KR14,KR14N,KR14S,1901,1995,95,1.377196474
russ221.rwl.csv,russ221,AM6-,AM6-N,AM6-S,1901,1980,80,1.034520942
spai053.rwl.csv,spai053,SM07,SM07N,SM07S,1901,1996,96,0.972625693
spai053.rwl.csv,spai053,SM17,SM17N,SM17S,1901,1996,96,0.557989289
spai053.rwl.csv,spai053,SM18,SM18N,SM18S,1901,1996,96,1.566775592
spai074.rwl.csv,spai074,GRA01,GRA01N,GRA01S,1927,1998,72,0.857555368
spai074.rwl.csv,spai074,GRA06,GRA06N,GRA06S,1901,1998,98,1.234224114
spai074.rwl.csv,spai074,GRA10,GRA10N,GRA10S,1910,1998,89,0.876369465
spai074.rwl.csv,spai074,GRA12,GRA12N,GRA12S,1901,1995,95,1.062410198
spai074.rwl.csv,spai074,GRA16,GRA16N,GRA16S,1945,1996,52,0.531170441
spai074.rwl.csv,spai074,GRA19,GRA19N,GRA19S,1913,1987,75,0.928307725
spai077.rwl.csv,spai077,PL09,PL09N,PL09S,1901,1995,95,0.800998684
swit199.rwl.csv,swit199,AB0211O,AB0211ON,AB0211OS,1903,1994,92,1.670098597
swit199.rwl.csv,swit199,AB1816O,AB1816ON,AB1816OS,1901,1994,94,0.753961289
swit199.rwl.csv,swit199,AB2511O,AB2511ON,AB2511OS,1901,1994,94,1.016916735
swit200.rwl.csv,swit200,AB0359O,AB0359ON,AB0359OS,1901,1994,94,1.157771701
swit200.rwl.csv,swit200,AB0365O,AB0365ON,AB0365OS,1901,1994,94,0.891142157
swit200.rwl.csv,swit200,AB0407O,AB0407ON,AB0407OS,1901,1994,94,1.444681466
swit200.rwl.csv,swit200,AB0558O,AB0558ON,AB0558OS,1901,1993,93,0.936529921
swit200.rwl.csv,swit200,AB0619O,AB0619ON,AB0619OS,1901,1994,94,1.278188247
swit200.rwl.csv,swit200,AB0678O,AB0678ON,AB0678OS,1901,1994,94,1.390268679
swit200.rwl.csv,swit200,AB0845O,AB0845ON,AB0845OS,1901,1994,94,1.339788075
swit200.rwl.csv,swit200,AB1013O,AB1013ON,AB1013OS,1901,1994,94,1.559874541
swit200.rwl.csv,swit200,AB1034O,AB1034ON,AB1034OS,1908,1994,87,0.867388044
swit200.rwl.csv,swit200,AB1329O,AB1329ON,AB1329OS,1901,1991,91,1.350459343
swit200.rwl.csv,swit200,AB1472O,AB1472ON,AB1472OS,1901,1994,94,0.876341813
swit200.rwl.csv,swit200,AB1488O,AB1488ON,AB1488OS,1901,1994,94,1.068280119
swit200.rwl.csv,swit200,AB1518O,AB1518ON,AB1518OS,1912,1994,83,0.957128569
swit200.rwl.csv,swit200,AB1541O,AB1541ON,AB1541OS,1908,1994,87,1.432182013
swit200.rwl.csv,swit200,AB1565O,AB1565ON,AB1565OS,1901,1994,94,0.872468424
swit200.rwl.csv,swit200,AB1734O,AB1734ON,AB1734OS,1921,1994,74,0.866333814
swit200.rwl.csv,swit200,AB1761O,AB1761ON,AB1761OS,1901,1994,94,0.999340661
swit200.rwl.csv,swit200,AB1772O,AB1772ON,AB1772OS,1903,1994,92,1.332740224
swit200.rwl.csv,swit200,AB1937U,AB1937UN,AB1937US,1901,1994,94,1.101968993
swit200.rwl.csv,swit200,AB1966O,AB1966ON,AB1966OS,1901,1994,94,0.794505197
swit200.rwl.csv,swit200,AB2279O,AB2279ON,AB2279OS,1901,1993,93,1.584550304
swit200.rwl.csv,swit200,AB2519O,AB2519ON,AB2519OS,1901,1993,93,1.621972092
swit200.rwl.csv,swit200,AB2604O,AB2604ON,AB2604OS,1905,1994,90,1.245676801
swit200.rwl.csv,swit200,AB2604X,AB2604XN,AB2604XS,1901,1994,94,1.096481407
swit200.rwl.csv,swit200,AB2659O,AB2659ON,AB2659OS,1901,1994,94,1.248471118
swit200.rwl.csv,swit200,AB2780O,AB2780ON,AB2780OS,1901,1994,94,0.961249668
swit200.rwl.csv,swit200,AB2819O,AB2819ON,AB2819OS,1901,1994,94,1.164439545
swit200.rwl.csv,swit200,AB3023O,AB3023ON,AB3023OS,1901,1994,94,1.133763586
swit200.rwl.csv,swit200,AB3027O,AB3027ON,AB3027OS,1901,1994,94,0.687802547
swit204.rwl.csv,swit204,BUT1550,BUT1550N,BUT1550S,1901,1979,79,0.850141323
swit204.rwl.csv,swit204,BUT2155,BUT2155N,BUT2155S,1901,1990,90,0.800638257
swit204.rwl.csv,swit204,BUT2430,BUT2430N,BUT2430S,1901,1989,89,0.75923258
swit204.rwl.csv,swit204,BUT2620,BUT2620N,BUT2620S,1901,1982,82,0.655522018
swit204.rwl.csv,swit204,BUT3045,BUT3045N,BUT3045S,1901,1977,77,1.187654163
swit204.rwl.csv,swit204,BUT3095,BUT3095N,BUT3095S,1901,1990,90,0.881284405
swit204.rwl.csv,swit204,BUT3132,BUT3132N,BUT3132S,1901,1990,90,1.119449318
swit234.rwl.csv,swit234,E010030,E010030N,E010030S,1923,1995,73,1.061899177
swit234.rwl.csv,swit234,E010044,E010044N,E010044S,1920,1995,76,0.913981421
swit234.rwl.csv,swit234,E011005,E011005N,E011005S,1920,1995,76,1.23841045
swit234.rwl.csv,swit234,E011062,E011062N,E011062S,1921,1995,75,0.936116882
swit234.rwl.csv,swit234,E026025,E026025N,E026025S,1922,1995,74,1.201250925
swit234.rwl.csv,swit234,E027018,E027018N,E027018S,1922,1995,74,0.90762609
swit234.rwl.csv,swit234,E031019,E031019N,E031019S,1918,1995,78,1.150335812
swit234.rwl.csv,swit234,E031030,E031030N,E031030S,1917,1995,79,0.578194429
swit234.rwl.csv,swit234,E031097,E031097N,E031097S,1919,1995,77,1.417364451
swit234.rwl.csv,swit234,E117070,E117070N,E117070S,1919,1995,77,0.654035012
swit234.rwl.csv,swit234,E131041,E131041N,E131041S,1917,1995,79,1.053446693
swit234.rwl.csv,swit234,E131051,E131051N,E131051S,1918,1995,78,1.080503047
swit234.rwl.csv,swit234,E131145,E131145N,E131145S,1919,1995,77,1.111368929
swit234.rwl.csv,swit234,E315055,E315055N,E315055S,1923,1995,73,0.774234173
swit234.rwl.csv,swit234,E315071,E315071N,E315071S,1925,1995,71,0.653540627
swit234.rwl.csv,swit234,EGFO050,EGFO050N,EGFO050S,1926,1983,58,1.459224422
swit241.rwl.csv,swit241,GA01604,GA01604N,GA01604S,1929,1994,66,1.16836176
swit241.rwl.csv,swit241,GB02401,GB02401N,GB02401S,1923,1994,72,1.294544264
swit241.rwl.csv,swit241,GA02801,GA02801N,GA02801S,1922,1990,69,1.706015354
swit241.rwl.csv,swit241,GB03300,GB03300N,GB03300S,1918,1994,77,1.7213938
swit241.rwl.csv,swit241,GB03305,GB03305N,GB03305S,1932,1994,63,1.133113934
swit241.rwl.csv,swit241,GB04106,GB04106N,GB04106S,1934,1994,61,0.819238347
swit241.rwl.csv,swit241,GC07006,GC07006N,GC07006S,1934,1994,61,1.511593877
swit241.rwl.csv,swit241,GC07205,GC07205N,GC07205S,1931,1994,64,0.667807911
swit241.rwl.csv,swit241,GA08200,GA08200N,GA08200S,1917,1994,78,0.70077507
swit241.rwl.csv,swit241,GA09500,GA09500N,GA09500S,1917,1994,78,0.767119131
swit241.rwl.csv,swit241,GB09800,GB09800N,GB09800S,1920,1994,75,1.374514505
swit241.rwl.csv,swit241,GA10700,GA10700N,GA10700S,1918,1994,77,0.958167982
swit241.rwl.csv,swit241,GA10705,GA10705N,GA10705S,1931,1994,64,1.51264355
swit241.rwl.csv,swit241,GC11000,GC11000N,GC11000S,1917,1994,78,1.564624262
swit241.rwl.csv,swit241,GB13100,GB13100N,GB13100S,1918,1994,77,0.935540306
swit241.rwl.csv,swit241,GC13106,GC13106N,GC13106S,1934,1994,61,1.613508506
swit241.rwl.csv,swit241,GC16205,GC16205N,GC16205S,1931,1994,64,1.264378168
swit241.rwl.csv,swit241,GC17600,GC17600N,GC17600S,1917,1994,78,1.403143389
swit241.rwl.csv,swit241,GC17605,GC17605N,GC17605S,1930,1994,65,1.216649224
swit241.rwl.csv,swit241,GC18305,GC18305N,GC18305S,1930,1994,65,1.606024713
swit241.rwl.csv,swit241,GA19906,GA19906N,GA19906S,1933,1994,62,0.906756884
swit241.rwl.csv,swit241,GB20400,GB20400N,GB20400S,1919,1994,76,1.340652727
swit241.rwl.csv,swit241,GA21204,GA21204N,GA21204S,1930,1994,65,0.807956172
swit241.rwl.csv,swit241,GB32806,GB32806N,GB32806S,1936,1994,59,1.398231148
swit241.rwl.csv,swit241,GB35100,GB35100N,GB35100S,1916,1994,79,1.128689105
swit322.rwl.csv,swit322,RF01010,RF01010N,RF01010S,1901,1997,97,2.165056511
swit322.rwl.csv,swit322,RF01060,RF01060N,RF01060S,1901,1997,97,1.556113946
swit322.rwl.csv,swit322,RF01090,RF01090N,RF01090S,1901,1997,97,1.206138943
swit322.rwl.csv,swit322,RF01100,RF01100N,RF01100S,1901,1997,97,1.118178887
swit322.rwl.csv,swit322,RF01120,RF01120N,RF01120S,1901,1997,97,0.514850988
swit322.rwl.csv,swit322,RF01160,RF01160N,RF01160S,1901,1997,97,0.849343714
swit322.rwl.csv,swit322,RF01180,RF01180N,RF01180S,1901,1997,97,0.760740517
swit322.rwl.csv,swit322,RF01190,RF01190N,RF01190S,1922,1997,76,2.58220887
swit322.rwl.csv,swit322,RF01220,RF01220N,RF01220S,1901,1997,97,2.224257535
swit365.rwl.csv,swit365,Z012015,Z012015N,Z012015S,1939,1996,58,1.234712526
swit365.rwl.csv,swit365,Z012111,Z012111N,Z012111S,1939,1996,58,1.261425703
swit365.rwl.csv,swit365,Z012148,Z012148N,Z012148S,1940,1996,57,0.824773537
swit365.rwl.csv,swit365,Z012190,Z012190N,Z012190S,1942,1996,55,0.804573537
swit365.rwl.csv,swit365,Z012234,Z012234N,Z012234S,1941,1996,56,0.878864962
swit365.rwl.csv,swit365,Z030100,Z030100N,Z030100S,1942,1996,55,0.764710659
swit365.rwl.csv,swit365,Z030137,Z030137N,Z030137S,1939,1996,58,1.298392666
swit365.rwl.csv,swit365,Z030309,Z030309N,Z030309S,1939,1996,58,0.90797535
swit365.rwl.csv,swit365,Z031041,Z031041N,Z031041S,1937,1996,60,1.436321787
swit365.rwl.csv,swit365,Z031172,Z031172N,Z031172S,1941,1996,56,0.99522638
swit365.rwl.csv,swit365,Z031304,Z031304N,Z031304S,1938,1996,59,0.984005112
swit365.rwl.csv,swit365,Z031346,Z031346N,Z031346S,1940,1995,56,0.787204176
swit365.rwl.csv,swit365,Z038031,Z038031N,Z038031S,1940,1996,57,0.675776684
swit365.rwl.csv,swit365,Z038110,Z038110N,Z038110S,1939,1996,58,0.964732088
swit365.rwl.csv,swit365,Z038171,Z038171N,Z038171S,1941,1996,56,0.901338492
swit365.rwl.csv,swit365,Z040004,Z040004N,Z040004S,1943,1996,54,1.932114438
swit365.rwl.csv,swit365,Z040015,Z040015N,Z040015S,1939,1996,58,1.081540688
swit365.rwl.csv,swit365,Z040046,Z040046N,Z040046S,1940,1996,57,0.876886364
swit365.rwl.csv,swit365,Z040055,Z040055N,Z040055S,1943,1996,54,1.000809403
swit365.rwl.csv,swit365,Z040102,Z040102N,Z040102S,1940,1996,57,0.841488622
swit365.rwl.csv,swit365,Z040109,Z040109N,Z040109S,1941,1996,56,0.844669542
swit365.rwl.csv,swit365,Z047024,Z047024N,Z047024S,1936,1996,61,0.744357201
swit365.rwl.csv,swit365,Z047079,Z047079N,Z047079S,1938,1996,59,2.355417072
swit365.rwl.csv,swit365,Z117117,Z117117N,Z117117S,1937,1996,60,0.678139622
swit367.rwl.csv,swit367,ZOF0386,ZOF0386N,ZOF0386S,1915,1997,83,0.668007636
swit367.rwl.csv,swit367,ZOF0467,ZOF0467N,ZOF0467S,1911,1997,87,1.099342012
swit367.rwl.csv,swit367,ZOF0556,ZOF0556N,ZOF0556S,1922,1997,76,1.261062244
swit367.rwl.csv,swit367,ZOF0720,ZOF0720N,ZOF0720S,1918,1997,80,1.722365956
swit367.rwl.csv,swit367,ZOF0772,ZOF0772N,ZOF0772S,1919,1997,79,0.991428973
swit367.rwl.csv,swit367,ZOF0825,ZOF0825N,ZOF0825S,1911,1997,87,1.050849511
swit367.rwl.csv,swit367,ZOF0990,ZOF0990N,ZOF0990S,1909,1997,89,0.866994106
swit367.rwl.csv,swit367,ZOF2035,ZOF2035N,ZOF2035S,1907,1997,91,1.469069527
swit367.rwl.csv,swit367,ZOF2069,ZOF2069N,ZOF2069S,1918,1997,80,0.989015483
th002.rwl.csv,th002,NNK064,NNK064N,NNK064S,1901,1991,91,1.125665759
ut555.rwl.csv,ut555,1-1-,1-1-N,1-1-S,1917,2014,98,1.370684073
ut555.rwl.csv,ut555,3-2-,3-2-N,3-2-S,1960,2014,55,0.672820158
ut555.rwl.csv,ut555,7-4-,7-4-N,7-4-S,1925,2014,90,0.977841213
ut555.rwl.csv,ut555,15-8-,15-8-N,15-8-S,1901,2014,114,0.899661251
ut555.rwl.csv,ut555,17-9-,17-9-N,17-9-S,1901,2014,114,0.702694492
ut555.rwl.csv,ut555,19-10-,19-10-N,19-10-S,1920,2014,95,0.541111518
ut555.rwl.csv,ut555,21-11-,21-11-N,21-11-S,1901,2014,114,1.106854617
ut555.rwl.csv,ut555,23-12-,23-12-N,23-12-S,1901,2014,114,0.942246589
ut555.rwl.csv,ut555,25-13-,25-13-N,25-13-S,1901,2014,114,1.176874184
ut555.rwl.csv,ut555,27-14-,27-14-N,27-14-S,1901,2014,114,0.931062709
ut555.rwl.csv,ut555,31-16-,31-16-N,31-16-S,1901,2013,113,1.260767552
ut555.rwl.csv,ut555,33-17-,33-17-N,33-17-S,1901,2014,114,1.134114955
ut555.rwl.csv,ut555,35-18-,35-18-N,35-18-S,1901,2014,114,0.703539242
ut555.rwl.csv,ut555,41-21-,41-21-N,41-21-S,1922,2014,93,1.037957825
ut565.rwl.csv,ut565,BSF-05,BSF-05N,BSF-05S,1905,1998,94,1.135987519
wv005.rwl.csv,wv005,KJJV01,KJJV01N,KJJV01S,1901,1993,93,1.099280887
wv010.rwl.csv,wv010,KJJV01,KJJV01N,KJJV01S,1901,1993,93,1.099280887
